<keymap version="1" name="Sublime Text (Edited)" parent="Sublime Text (Mac OS X)">
  <action id="EditorUnindentSelection">
    <keyboard-shortcut first-keystroke="shift tab" />
  </action>
  <action id="GotoFile">
    <keyboard-shortcut first-keystroke="meta p" />
  </action>
  <action id="PrevParameter" />
  <action id="PrevTemplateParameter" />
  <action id="PreviousTemplateVariable" />
  <action id="RunClass">
    <keyboard-shortcut first-keystroke="meta t" />
  </action>
  <action id="SearchEverywhere.PrevTab" />
</keymap>