<keymap version="1" name="Sublime Text (Customized)" parent="Sublime Text (Mac OS X)">
  <action id="ChangesView.Move" />
  <action id="ChangesView.SetDefault" />
  <action id="CodeCompletion" />
  <action id="Console.TableResult.SetDefault" />
  <action id="EditorSelectWord">
    <keyboard-shortcut first-keystroke="shift meta a" />
    <keyboard-shortcut first-keystroke="shift meta j" />
    <keyboard-shortcut first-keystroke="shift ctrl m" />
  </action>
  <action id="EditorSortLines" />
  <action id="EditorUnindentSelection">
    <keyboard-shortcut first-keystroke="shift tab" />
  </action>
  <action id="GotoFile">
    <keyboard-shortcut first-keystroke="meta p" />
  </action>
  <action id="Jdbc.OpenConsole.New" />
  <action id="PrevParameter" />
  <action id="PrevTemplateParameter" />
  <action id="PreviousTemplateVariable" />
  <action id="ReopenClosedTab" />
  <action id="Run">
    <keyboard-shortcut first-keystroke="shift meta t" />
  </action>
  <action id="RunClass">
    <keyboard-shortcut first-keystroke="meta t" />
  </action>
  <action id="SearchEverywhere.PrevTab" />
  <action id="ServiceView.ShowServices" />
  <action id="TailwindAction">
    <keyboard-shortcut first-keystroke="shift ctrl h" />
    <keyboard-shortcut first-keystroke="shift meta space" />
  </action>
  <action id="Vcs.MoveChangedLinesToChangelist" />
  <action id="com.laravel_idea.plugin.blade.f.c">
    <keyboard-shortcut first-keystroke="ctrl z" />
  </action>
  <action id="com.laravel_idea.plugin.translation.a.b">
    <keyboard-shortcut first-keystroke="ctrl x" />
  </action>
  <action id="performancePlugin.ShowMemoryDialogAction">
    <keyboard-shortcut first-keystroke="meta f15" />
  </action>
</keymap>